{
  "columns": [
    "","time","WLC_SIMPLE","PM_SIMPLE","push1","push2","WLC_iSIMPLE","PM_iSIMPLE","block","PM_block","SLC"
  ],
  "index":[0,1,2,3,4,5,6,7,8,9],
  "data": [
    [0,0.0,76.81839475,0.0,5.2661185,0.0,56.44746775,0.0,3.2258,0.0,0.0080645],
    [2193,73.3413413298,47.854743,76.854685,2.46370475,2.7016075,56.48779025,1.98789925,3.4596705,0.00403225,13.94755275],
    [4386,146.6826826596,37.39911875,99.93931625,0.0,5.43950525,45.838618,24.93946625,0.52822475,4.145153,14.2661005],
    [6580,220.0574673736,37.60879575,99.78609075,0.0,5.1048285,38.3144395,41.2015305,0.5403215,4.129024,15.2499695],
    [8773,293.3988087034,37.564441,99.6691555,0.0,0.0,30.76203525,55.4756955,0.52016025,4.14918525,15.22174375],
    [10967,366.7735934173,37.53621525,99.5723815,0.0,0.0,23.94753275,66.78615675,0.49596675,4.13305625,11.7822345],
    [13160,440.1149347471,37.5241185,99.56028475,0.0,0.0,17.209643,76.33452475,0.451612,4.13305625,5.306441],
    [15354,513.489719461,37.47169925,99.55222025,0.00403225,0.0,11.193526,83.38289775,0.4435475,4.1532175,0.0],
    [17547,586.8310607909,37.4596025,99.61673625,0.0,0.0,5.09273175,87.0078905,0.48387,4.1370885,0.0],
    [19741,660.2058455048,37.370893,99.62480075,0.0,0.0,0.15725775,87.1530515,0.4274185,4.17337875,0.0]
  ]
}
