{
  "columns": [
    "","time","WLC_SIMPLE","PM_SIMPLE","push1","push2","WLC_iSIMPLE","PM_iSIMPLE","block","PM_block","SLC"
  ],
  "index":[0,1,2,3,4,5,6,7,8,9],
  "data": [
    [0,0.0,11.7532143967,0.0,0.8057161305,0.0,8.6364625657,0.0,0.4935474,0.0,0.0012338685],
    [2193,73.3413413298,7.321775679,11.758766805,0.3769468267,0.4133459475,8.6426319082,0.3041485852,0.5293295865,0.0006169342,2.1339755707],
    [4386,146.6826826596,5.7220651687,15.2907153862,0.0,0.8322443032,7.013308554,3.8157383362,0.0808183867,0.634208409,2.1827133765],
    [6580,220.0574673736,5.7541457497,15.2672718847,0.0,0.7810387605,5.8621092435,6.3038341665,0.0826691895,0.631740672,2.3332453335],
    [8773,293.3988087034,5.747359473,15.2493807915,0.0,0.0,4.7065913932,8.4877814115,0.0795845182,0.6348253432,2.3289267937],
    [10967,366.7735934173,5.7430409332,15.2345743695,0.0,0.0,3.6639725107,10.2182819827,0.0758829127,0.6323576062,1.8026818785],
    [13160,440.1149347471,5.7411901305,15.2327235667,0.0,0.0,2.633075379,11.6791822867,0.069096636,0.6323576062,0.811885473],
    [15354,513.489719461,5.7331699852,15.2314896982,0.0006169342,0.0,1.712609478,12.7575833557,0.0678627675,0.6354422775,0.0],
    [17547,586.8310607909,5.7313191825,15.2413606462,0.0,0.0,0.7791879577,13.3122072465,0.07403211,0.6329745405,0.0],
    [19741,660.2058455048,5.717746629,15.2425945147,0.0,0.0,0.0240604357,13.3344168795,0.0653950305,0.6385269487,0.0]
  ]
}
